user_id,is_active
62135bb6-90c6-4c4e-b539-b9b9ed2ad877,TRUE
49389b4c-00e6-464d-a856-de97430263e5,TRUE
18d78915-c05f-46d4-bc18-72ec65d44bef,TRUE
671e7c3b-8386-4d55-83f4-a3aecf844ce2,TRUE
feec0a29-c57b-4544-a49c-6487f02dd4dc,TRUE
2753ca6f-d083-41f5-b4fc-e4b154bbb5ad,TRUE
4e8f7088-e64d-4e35-8b5f-fbaf0cace5d8,TRUE
d701a2a5-c808-4653-8416-fff0f058dc1d,TRUE
f104e27f-e598-44f1-8501-8b8d93300c27,TRUE
1a98a4e1-75f0-405b-b753-842fae05c35a,TRUE
e19e0e32-5090-47a8-a987-750276c1db37,TRUE
e0aefa55-6d5d-4405-b6fd-e4563d361d32,TRUE
1a4e9eed-36b8-424e-a7da-20a91761c76e,TRUE
cd09364d-467c-4bfa-84e9-700e2b1ddf6e,TRUE
1c587287-9969-466f-a95d-d9da30579a79,TRUE
e10eb87e-c45e-468e-8044-647542763c41,TRUE
f4e171ae-7566-42a2-b136-432aee99d992,TRUE
58126cfb-88dd-467e-a336-682cb4d11edc,TRUE
bcfef30f-fc86-4e66-9f5d-2e4122f431a4,TRUE
5e0ac22d-a81f-43d8-a37d-694f7d0b4a33,TRUE
a59ef84f-f5cc-41dd-ab33-e359d63095f2,TRUE
1e7c606d-437d-427f-ad81-9dc5ebccf697,TRUE
4747ab68-9074-4111-82cd-4f26564efd56,TRUE
88a9d9a2-e753-4dc7-8f9a-ece21c839d76,TRUE
ad9bde83-4b9c-4d1b-b5db-663b227cd05b,TRUE
f1e829d2-5945-4186-a16a-91eecdd40bea,TRUE
9efebd5c-9c23-4c30-b6c3-459d2e7eb1b2,TRUE
c87318f1-7094-484e-8dc4-c8fbaf64dea5,TRUE
cb9e95f5-da92-432d-8703-b873db2cd943,TRUE
84378309-f365-48da-acf8-d02fbc582517,TRUE
41b0e79a-742e-4c14-bfbe-8c88ff4ae903,TRUE
6983821c-0742-4933-afd1-b035fb4501d4,TRUE
7435ebe0-260e-478b-835c-33b81cbddbf9,TRUE
2ed05715-1e65-4634-b502-a80aee20377b,TRUE
276a8194-697a-440a-a8b0-bf53d45d942b,TRUE
3cc8b437-fd46-4b06-b10d-dc0a38f6cb4b,TRUE
72308a68-0591-4278-8687-232f505e0aa6,TRUE
151c23a4-492c-420a-8da2-326bac79928d,TRUE
c49ae8d4-eb39-4ee2-833c-d4c7997ef31c,TRUE
08abce63-96b3-4c8c-8023-b655e744c019,TRUE
14a67925-caa8-4619-9f19-8030277824fa,TRUE
851cd10e-ff56-47f4-a13b-10b0620c3a71,TRUE
1dfcee07-6f7b-4f2a-b2f5-9a174c14156f,TRUE
bbe89ae2-ef99-45ba-9c8f-6442f80ca295,TRUE
9527cebf-dcef-4d77-b771-698d842e7891,TRUE
54681900-b3a0-46f3-85f7-bc69e0e4321a,TRUE
cfc222f9-2ea8-48e1-8ba6-55107cabda3e,TRUE
d5f6e3ee-24a5-4980-96c0-bf005f6c78ef,TRUE
bbce7b14-b754-4978-a9da-51a4257c2215,TRUE
53b7fc3b-169f-46f5-ad92-1974298c1757,TRUE
f44ca1b2-5278-4575-8c5e-fb3d7119b19a,TRUE
77848fc9-423d-45aa-9e6c-15f720c9610c,TRUE
76c17363-0a1c-4a59-952a-a849e96ab617,TRUE
55a3c198-54a2-42c2-bf92-589ad4f62e7b,TRUE
be423682-eaf5-4e6f-8279-74ed1659dbbb,TRUE
9517244a-2e8c-4bfc-b63c-84adb7c2f55c,TRUE
9e3c60a6-ca3f-44b5-a4a7-0fa64c786185,TRUE
21a60bf5-f20d-49c5-b9aa-d3341bd4c662,TRUE
1cef83ee-fc84-4936-8e03-c0688beddb28,TRUE
c099c459-b863-4a84-be25-7a8b53e05482,TRUE
8592b715-b1e8-4611-b48e-4a87409f9e17,TRUE
66e91700-ba12-46e3-ae46-e37ba2b4cfff,TRUE
fb0e14ee-661e-44c3-bd35-1a75772a83b5,TRUE
3bf4df71-75b1-44ce-bddf-b5f9eb69528a,TRUE
c610d113-a334-4980-b52b-c1b4bbdba87d,TRUE
f78bbd09-8dd8-4111-ad2a-bec24d16f737,TRUE
06cf3ca7-8986-4b6e-8e08-54b20dce8644,TRUE
39b9fecf-f40d-4029-a1ab-ef214cbc14ec,TRUE
f1f3839f-42f8-4b6a-96e4-61321cb072a6,TRUE
a751ffe7-cdb1-4197-a09f-771ba100248a,TRUE
ed373941-af34-4f4b-90a4-0e85da8bb4c1,TRUE
bdfe92e9-e186-4954-a816-31b8ea9eed4c,TRUE
8799abac-01c9-4740-aa51-f6383bf22db8,TRUE
d8a19a48-3931-426d-9f9b-ed4dc1b34b9a,TRUE
e5191d64-405c-424f-b718-8c226be24aea,TRUE
d07082cb-7254-409d-aa8d-dd3d6067084e,TRUE
5c36b4b5-1591-45c8-b93e-e98ff226a945,TRUE
988259b2-ddfc-4f4d-a134-0897aa0593b3,TRUE
3ec38957-2c9d-4d40-b009-1713368f624a,TRUE
a3d55342-b0c9-40aa-9002-22d7485ef9ba,TRUE
c8d54c6e-039a-4710-b9c7-eabc31cd0d81,TRUE
c760ebfc-c3a2-43e8-9504-b8f1a70b8eb7,TRUE
5f05cd4e-66db-468d-b65f-877c9a626dab,TRUE
9d027a26-e868-4058-b695-22db35bff849,TRUE
af8b769d-1904-43db-9446-00a147385c66,TRUE
bc20ae71-b2a7-4ba1-b8e3-7f5555a50ea3,TRUE
adcf1863-a472-4f44-b9ee-6aa937d94fb7,TRUE
db7b8e27-cd91-4006-81e1-936732eebef1,TRUE
583f944e-9599-467f-b6bc-d2ed734aa1a2,TRUE
ed547e78-ad9b-4145-a272-73e46fa38296,TRUE
dd8ca78e-763b-4811-a992-d96f063e2e32,TRUE
3fc87d5a-9aa7-4ab2-8a38-731b1883931c,TRUE
dd21176e-953a-4ced-97d5-b691a3c6a7f0,TRUE
7a52977d-f73c-4ded-b5fe-30c3ab5a0cf1,TRUE
281002f6-849e-45bf-979b-039232237489,TRUE
a0df0f2e-2216-4f9f-a931-78c1ab8b64f7,TRUE
45ec7402-6ff6-4766-bbec-7afb6d77f6ad,TRUE
e8306916-e0dc-41a4-a2dd-e4981a838f44,TRUE
8ceb46da-2e8d-4f95-b1d3-f7d6f0b9fbeb,TRUE
a915570b-d9b7-4661-b229-a9dc928e775d,TRUE
95faa715-fa21-401d-974a-69f768d0dba2,TRUE
8653fe77-7d1c-4615-9eec-723000541e6d,TRUE
ee109568-c1c8-4543-8c49-93ed0e3d17e1,TRUE
17f9c7fc-b512-4c50-a2c9-9d7c91c71cb8,TRUE
77d5ac8b-f64a-455f-8bba-b834ddf35215,TRUE
0e168dce-2177-4f59-8e92-680e01106229,TRUE
d8a7396f-d711-4ddd-8a46-b21119e30c92,TRUE
9b58bbd2-e450-4be9-9c07-c8bde676178b,TRUE
37373957-723d-4ff4-bfbc-103c34f5da56,TRUE
d116b220-eeed-4524-994f-d9425f4b93ff,TRUE
6d15423e-6aab-4d9a-874d-8ad219b96954,TRUE
4d49144f-15f2-4e53-ba38-2e6d98f5a6dc,TRUE
0795d93a-f5c1-4ee7-99f6-b80df75f6213,TRUE
63c8a6f1-115e-43ce-a293-8bf2095757aa,TRUE
8170b5af-b87a-4c81-a92d-926cb6fac3cf,TRUE
bcd39370-6956-4ec9-99ff-6c7daf4874b6,TRUE
b15066aa-72cc-46ce-8091-deb8e66e3a34,TRUE
ba496528-a4f0-4964-9086-a37726cb079a,TRUE
e6bbef28-a82e-4fd8-9c78-9a79271dc2ce,TRUE
713e7208-3448-459c-8f0a-0f6f4744a5fd,TRUE
65c13bb8-2504-4a36-91ee-f173acf52040,TRUE
823c240e-e9b6-4032-81aa-06371406ecff,TRUE
3aaa34c6-355c-4f76-b680-3121bc46a84a,TRUE
6e900b80-1575-4e6e-9593-cebe9b07ae5a,TRUE
d82d5130-bb27-48d8-82a4-224a9547c762,TRUE
f7b43e93-1233-48d9-8df3-e11d2bd7bdfe,TRUE
ed2240ad-a0d6-4535-9dcb-63e7ce13a870,TRUE
2b91f133-9050-4a5f-be17-44fdfd289576,TRUE
de55b40c-5eb5-49e2-af45-10535c4a851e,TRUE
89774bff-c2d6-4050-918d-f6a5accb0ea8,TRUE
e9983322-30a7-4ff2-a90f-adfdc9ce022c,TRUE
d172831f-f59e-404b-acfd-4b13952c5afa,TRUE
2c194afb-c4c2-424f-b47a-f6c77cfbbad6,TRUE
4aa9f6ef-609a-4977-a701-1a8953477dae,TRUE
4c384405-4f0b-463a-a3a5-aea70057a17b,TRUE
3c35934a-1afa-40e0-bdd1-03e77c67d164,TRUE
5c7f6248-148f-4f57-996d-5a18f45f7520,TRUE
deeaee0e-aa73-4532-976f-4687f1fb0259,TRUE
6564d0f7-9e5b-4931-b4ed-79e2a8606a41,TRUE
17c62611-106d-4421-9fbe-73d67fd2af1f,TRUE
c9be78a9-0984-48c1-b1d7-549129299206,TRUE
f99782d0-4ef5-4c70-9021-db05d83ba3eb,TRUE
e1b21a30-1d42-40a7-bc82-825342c15dda,TRUE
853677ca-9c5d-412f-a655-617bb8f48453,TRUE
b9dbc691-83cd-4d53-9ac3-6fc1059b9872,TRUE
828331c7-7da5-4c2d-a0c1-3f8fe5bbfd53,TRUE
da9e6fda-cb83-4caf-b760-f258d126b623,TRUE
95e58ac9-3103-4a51-8d69-30a19dff9ef3,TRUE
8c3aa9db-c07b-4f05-bff9-d366094d0b61,TRUE
38fbbc6c-2527-403c-9e5c-8c866a1d0d12,TRUE
1025eeaf-1ad8-4cbe-b905-db3555e3c8b0,TRUE
56526d6e-df54-4f47-bbee-14c4fcdcba46,TRUE
7f46306f-02cc-4f58-af3e-73ced6131083,TRUE
afc5bd5e-eaf5-49a4-b03c-363f1247fe52,TRUE
38ca880d-de73-4437-a612-efc5acb95dce,TRUE
e2fe8a84-5ea8-470e-8342-2cf3520045d0,TRUE
f11651b6-0e14-42b4-9e12-8be7b7f74474,TRUE
b94b4b0f-5dfd-4ea5-8ead-145a1e9ae8d7,TRUE
580051ca-5846-4e30-b999-8ddd2dfef56c,TRUE
547ddc6b-9eed-43db-8ecf-f83e0aad42c5,TRUE
48e46445-e86e-4e88-aeba-89b3f761e9fa,TRUE
92641fdc-c0db-4325-b0d0-ca1f6bbbef0a,TRUE
7f3c7c4d-87bb-475d-85f8-6d6e4638f5bc,TRUE
865d58c1-54ce-46ab-80d8-050e3346a5d1,TRUE
5e4ea08b-bc6b-40c9-8eeb-77bac79095c6,TRUE
e7869798-6650-44ed-accd-b9974975b24f,TRUE
0a56bd72-5e7d-4f05-8d37-7c5ac71fbb5e,TRUE
8444b20d-8240-493b-ad45-1a2feefd58d7,TRUE
70f9eb66-b4b0-4178-9d7f-5436b697562d,TRUE
2c01c731-7434-4f0c-820a-77372a45df3f,TRUE
7c4f0ac0-0bab-4d26-8f8e-0cb49d632483,TRUE
9c1a8e15-3cb2-4790-8b51-06302fc111e9,TRUE
8db6707f-be83-4a03-ae18-841078250927,TRUE
0710b424-c434-4b0a-9cac-603f61bb6f90,TRUE
4f1564ab-2144-409a-b509-5891a6f49f6b,TRUE
2a30543d-743e-4664-8ae6-5585e2d56391,TRUE
c179306a-28bb-422f-a41c-3ccfb2d923ac,TRUE
b62a54c6-e235-4b80-a6ea-cefc74f33bb1,TRUE
d7aae24a-2eb8-4b41-807b-60b8456c290b,TRUE
26db210d-71d7-4672-8eb9-845e58b20502,TRUE
03c2b987-0f26-4934-bdbf-308bc6d0a020,TRUE
c1434581-5046-4f5e-a4c1-99c6907a845a,TRUE
6cc46cf0-b5eb-4c2a-9b34-a7f12527755f,TRUE
1dde2d28-555f-4866-b548-4d0a7cc21f5a,TRUE
e03f05a4-3b05-4d3c-bfa1-a181795072e1,TRUE
8bbc7dee-179b-4d79-995d-45d8569b6d66,TRUE
1aa70ef0-c1f6-4664-a84f-f4dc67e7355d,TRUE
81b933ed-0fdc-4ae3-9766-c7166623885b,TRUE
41ea9242-5a2f-48b0-833d-bea6dddc2055,TRUE
b1d1c886-e973-4bba-93a3-03d624c7a676,TRUE
854a9e72-2129-472e-b6c6-5006b9fe84b8,TRUE
5717ec0c-71d9-4557-b9c3-99e5da6d1787,TRUE
bbcb4b74-cd2c-4b62-adc4-f80d68cc8b4b,TRUE
4108a69c-fed8-4a46-87e9-318de2f8653a,TRUE
86a11378-bd78-4afc-889b-96373ac46a38,TRUE
4acdd4ab-be70-4c9c-adf9-00f8ab633199,TRUE
5b0bf075-d3eb-44a8-b916-a6c2c8664acb,TRUE
d5347d05-6db2-4db4-af25-b8abb23274a3,TRUE
d8fceff5-eaa8-4de3-ba28-ea8176f93666,TRUE
3e02462d-2e16-4541-8643-78f3fa6dec04,TRUE
cba1bbe6-ccf0-4c02-b538-9b087a2f0b6f,TRUE
005fd735-5a80-4f1d-9a07-4ae21ea0a825,TRUE
608a64af-6068-4138-94b3-a75e967604ab,TRUE
e4e4957e-8e31-4063-987d-9bbeed920d59,TRUE
6743b91f-9d53-4eaa-9837-41df213023cb,TRUE
2072903b-313b-481c-b514-4bed2ba57b01,TRUE
e3662d7d-f444-4c13-b158-8dbc8f4be9d0,TRUE
5453107c-956e-4df0-9f99-54d35f9f2b4a,TRUE
f243e9fc-d60a-4086-9e36-ec563e640194,TRUE
98640ac2-10d5-422a-bb75-10b25cba7f74,TRUE
e8a62ae6-9369-43cb-a7e9-dac0dd88e97c,TRUE
e960ec4f-5359-45a9-9e5b-7bf67a97149c,TRUE
64e3c9ae-1614-42ef-b1eb-0b6c53648a84,TRUE
d85d6177-9bd5-44ce-a77e-f1ce050e843a,TRUE
bd843b92-fecb-452e-81ce-5f8ee90d00d4,TRUE
63f3aff2-6991-44ed-8ab2-e5eaf4771ca9,TRUE
ddbd7393-9d18-46f9-9083-362d29f7260e,TRUE
c583f6c9-5982-466a-a614-4ba89c389de8,TRUE
5c1dab4b-4be1-48d5-9bd0-b057b7f8093e,TRUE
3ca8a4c5-9b73-41b0-bc9b-4e1ceaaab8d3,TRUE
6c47522c-c1c6-4a21-9a9e-b55c7f6d4d4b,TRUE
b2f9d666-7a7d-4e17-b118-66851f16748b,TRUE
977c316d-767f-416a-8102-77219fb8e3b8,TRUE
3bfe2d21-51d4-425e-aa17-a7927d5730d0,TRUE
f97dc969-a88b-4434-b6d5-8c51a0f6f7cf,TRUE
f50f5a35-8a31-426f-9a82-2ae6c848b745,TRUE
b84f9f7a-3c8d-40ce-8f23-f2a7390aabbf,TRUE
14da4057-e962-44bb-8d59-bd5fe0f6d98b,TRUE
33fe7c34-2947-4c18-b17f-56977cc57567,TRUE
b322a57f-b420-44bf-8516-9c412fc9c59e,TRUE
49826a46-9eca-460c-9562-c0ffa341c96e,TRUE
dbcc3209-d7be-447f-8aba-6014ffc14c01,TRUE
5675c39a-57b9-4152-b611-22ed2e99556c,TRUE
d8d67986-fbaa-467f-880b-c70d1fc29782,TRUE
716b35ed-f9cf-4440-87c1-9310de3f5a71,TRUE
1b31f7de-0baf-4afd-9bc3-a15393b898c5,TRUE
b60d1ff6-3f8b-414a-bf0b-cc7d37306557,TRUE
641f9599-c428-4ac2-880e-b1d85fafbc72,TRUE
97a16e56-e494-4518-82ed-add8744eaf9b,TRUE
e653bb45-84e5-490e-a2ae-5e9aab18e756,TRUE
85eb11db-89a0-45b2-8c61-a73e8bb38d33,TRUE
50f17585-cd85-4caa-903e-6fd4399fabea,TRUE
8b928eb4-9398-4714-88aa-be3e108693d6,TRUE
4c9acd3d-233f-425f-99fc-f25b9c16ca4b,TRUE
c6579a74-045f-4b04-aec8-49d54151b28e,TRUE
d6f0f164-a742-4e38-b3ee-dbf09ab7070a,TRUE
7338a4d9-f5e0-4144-8cd7-87dd0ae3dd9a,TRUE
4823f3d8-a2cc-48ff-b1f2-aa0fe57fc0dd,TRUE
96e2a129-8dfc-4dc9-86d1-9d3bd75aa60b,TRUE
8ba5dba0-5663-448d-ab6a-6155704ce893,TRUE
7b91c180-4c08-488c-9d9b-6bcbf659a9b3,TRUE
31ecc992-2059-4d4f-835b-d718f071accf,TRUE
a0a14d4f-2ba6-4795-8f7a-3fb3a81494df,TRUE
1c8f20f3-95e3-4c2a-8fe9-ea054b34308e,TRUE
a0472eaa-e8d2-4c47-a7ac-d914657afbc6,TRUE
d760b28c-2afd-486a-9552-6060a8e3bdcb,TRUE
a97fa73b-686b-4053-ba70-aaccd913b80b,TRUE
81668c08-b498-46ad-8a6f-a6526da726e0,TRUE
c0abdf62-6952-48a8-943c-1ad0236888c5,TRUE
c66b89b2-a040-4c66-a6cb-edd5ef3217fd,TRUE
58ecb9be-9460-4889-a3f6-a2207730bd43,TRUE
719e64ce-b8f7-4e51-ab22-af849dabfc79,TRUE
6e5a4697-c9ab-452e-8cf4-9be6ebd8160c,TRUE
d8331e93-ae2a-464e-9334-beaf14f9162f,TRUE
00b43e50-5914-433d-96e1-658745e603d5,TRUE
f6af37ec-5ad9-43df-a1f5-27863e475ce8,TRUE
340c5739-68c0-4eb4-8642-9617d411014f,TRUE
7dbeeae6-a781-4461-acf1-80ecb4601449,TRUE
afb40e90-b50e-4013-a2ab-604fb9f975ef,TRUE
2163fc3f-cbce-4553-a334-5f38ae96c415,TRUE
662f97db-a8e6-4d27-bc47-a76654852c27,TRUE
aa1adfa5-bc4c-48c8-ba75-4de40a766261,TRUE
0b19272f-ca1f-43d9-98a5-a7359a4440fb,TRUE
5731cc45-0b2e-4df7-acae-8335ba67d22b,TRUE
5c92acd5-07ec-4112-b0e0-3bb65c8e1828,TRUE
2879c63e-e83c-4f8b-b36d-dccc7f3cac28,TRUE
e599f7f5-1ef8-455d-beca-ad41947d6a5b,TRUE
17a1f463-a61b-4949-b577-ca8a3db764dc,TRUE
774fd238-dfe7-4dd0-9904-b815c9e75764,TRUE
c809cc88-4ca0-4d45-97a5-f1c933fbe13a,TRUE
e898cccc-527e-4775-a92b-0386250d4ce8,TRUE
09430f8b-bd3d-4db6-a0cb-fe439255ee76,TRUE
6b731ea6-e3cf-4e91-9eed-590b5d04ac60,TRUE
ed2f5c46-f087-4105-aacb-3eeca1a04d6c,TRUE
8100f49e-7e88-45d2-8c4d-d486e0783d71,TRUE
6ce4e1da-2b97-46e2-8969-b022cfe32fe9,TRUE
16d04c3f-03cc-416c-834d-3ba360d4dd80,TRUE
93e46c0d-fec6-46d2-8d00-eba38931cf34,TRUE
0e314e76-34c9-4746-a5f0-cbe76477c5a6,TRUE
b73d4f2b-a85c-46de-866e-7adfe4260beb,TRUE
d62dd6d8-7338-4cd2-8476-8b47d84c3d9d,TRUE
56d5bf16-0f53-4272-8676-7add0636587a,TRUE
58f20377-1da5-4674-a040-baabb9cc3290,TRUE
6e1fb945-7a98-46a2-b729-c64f0b9ece35,TRUE
9560ab39-e169-4a8c-8e17-4a640b54b1eb,TRUE
28867471-fe00-489c-b688-deb7612b2510,TRUE
c60a4d6a-0c87-4471-a930-f233a07840c1,TRUE
8f9fc28f-3319-4ada-8b77-72c8874e1309,TRUE
ea71443b-1079-4e57-b1c8-971b421fe9f3,TRUE
7741c119-702e-4cd8-922d-bba674a8a580,TRUE
039bf617-bf61-4987-a5f1-bc7200c332d3,TRUE
ceeac0ad-ffc0-4452-90c6-6037c5f00653,TRUE
d70b4789-0cfb-43e5-af2f-f15a2ded8b3f,TRUE
219ee11b-95d4-4dbe-a781-8b47b6367078,TRUE
ae7dc27a-38a8-4759-bb0b-974941b1935d,TRUE
35ee7485-a79a-433d-a65b-c68f0b8b123f,TRUE
a7fb30ab-0c12-490b-b9b4-aae3eb4f342c,TRUE
6d0008c3-05d4-449e-98a4-5fc2921c7950,TRUE
25e18a76-0ab5-4f53-b490-227df3940c48,TRUE
27bf7aa1-dc0d-4b70-974c-f2c9cf1edabe,TRUE
eb0e446e-5ff1-4ae5-b69e-f8b25b7ee245,TRUE
a34f7927-5858-4604-a9ad-37755b298939,TRUE
de46d763-0b94-484d-9b73-73305bf27bda,TRUE
5256d6c0-51db-4c92-a2f6-92d4f3cf6311,TRUE
31f9c793-40b5-4e22-91d3-7a7a9597e29e,TRUE
39ce9b71-f844-43fe-b8d8-e867a5f28ca0,TRUE
76e068cf-0420-466d-8f30-b72edf8233fa,TRUE
9cfee485-925d-4e5f-a955-882290d9f14e,TRUE
e591a36c-09a5-452d-9a5f-b3496d19b979,TRUE
88febfa3-4f4f-47ad-b5b9-dde8e7c0de2b,TRUE
cecfd345-dfe9-4b62-a187-4fdd441439aa,TRUE
bda8fb2e-9b49-42b5-977c-a9e92972fb47,TRUE
370e0de1-a73d-4ce9-b74a-f6d570bbf3ed,TRUE
794237fd-3ddf-4520-9e1b-1d3dda6c9279,TRUE
9f3b99e0-9858-4706-9687-3a7a0f98f6b1,TRUE
3e61e042-9c6e-41ae-b8fa-0e409eedb61e,TRUE
e1eda2bd-bc40-46b7-a557-6a4c95caeba1,TRUE
6c7c1ade-47db-40ce-bb98-6e75658851dc,TRUE
a4d39f5b-9c87-4cf7-9efb-6ceb8028f7d2,TRUE
5bd78a68-d373-4896-b085-9bec0026416a,TRUE
2dcc92a2-5e34-4d4b-ade4-5ef2ffdbf8a8,TRUE
e876c7fb-86f3-46ba-ba77-a711c5fa43c0,TRUE
505e21c1-74b8-4586-9cae-6818d17e0a5f,TRUE
6671d3ee-2725-4735-954f-72349f9a9956,TRUE
9b7b50af-2256-40df-ac2e-963fe52c8023,TRUE
c5b65607-f73b-4e62-900f-f486cfc86aa7,TRUE
9c5f956f-043d-4ed3-aa42-ef89041d01c2,TRUE
a63ba25e-56a7-4c78-b1cc-6360d35f9b52,TRUE
1e992658-d80d-42bb-87a5-f2ed12a73e7c,TRUE
8b0727ad-7733-4d60-bc1e-696ea3b9be03,TRUE
a88b39e9-5c30-453f-a4dd-170a5f23e34d,TRUE
979c3f5c-527d-44df-8c38-5dadeba2d576,TRUE
08620aad-3ee3-42c1-86d7-6df7e92547cc,TRUE
e73731cd-1fd8-4249-b6fc-54309b3ad88c,TRUE
476e1913-b217-490d-a799-8862fc7ff638,TRUE
e7453613-3799-42a3-90af-0c55086136aa,TRUE
b8fe24f3-ffd7-4364-bc8d-95b4a09e4fac,TRUE
07e528d3-cddb-42cc-91fd-4997e57a721e,TRUE
fb967e2e-b526-4a23-85e2-657be5e99bb1,TRUE
f198c58f-50ac-4f31-96b8-d36e63999e47,TRUE
7fe15ae8-000e-4975-9c86-58cb7d54249e,TRUE
d0dfc338-b576-4bac-aba8-2a382d79dcd7,TRUE
28c68885-000d-40c0-b6bf-a15b213daa8b,TRUE
f101d2a2-15c7-4e69-bd2e-3eba587c9e98,TRUE
0761b80c-27bd-4cbe-a084-a22ef8c4f22b,TRUE
6a12aaba-1d52-4428-b679-7d9c6e0eac62,TRUE
b8e12ae9-e65b-4c06-8038-be47fecb00cd,TRUE
9f7a84d0-06b6-440f-b4f8-ee8bc925027f,TRUE
b80fc627-a102-4dc3-ba90-b18f4adc5d30,TRUE
25169277-270c-4ceb-b639-af4c3bc3e955,TRUE
d95a8bd0-d148-4703-ac80-bd0c199c4d58,TRUE
fd5dfdcf-98b7-44e7-aee7-62d8fbb01dc1,TRUE
8d7de067-69bb-4308-bb22-4277da686d3c,TRUE
3978d0ee-3379-4db4-8314-b2e5122ab7ab,TRUE
f91e93bf-4c9a-4e19-a3b6-b56dd407ee76,TRUE
0283d243-f117-48f4-911c-00c8a1b9b656,TRUE
4937e5a2-96f2-41e2-93e7-82dbc2d5f73c,TRUE
66bb64d7-e991-4fb8-ac5b-78373a7a9a64,TRUE
8145f52d-6d3b-4b07-8044-1a48733d9906,TRUE
95ddb850-7416-4df8-9d79-0d17ed6edb5d,TRUE
b94f6874-84db-4b58-b579-d89ae3e32209,TRUE
ca7db034-10dd-4840-a048-6f32500cb4a0,TRUE
933d61c3-e94d-4dbb-b6cd-5c3d0b616b83,TRUE
8a09cb78-a282-4846-9a14-76a448c3da5d,TRUE
5b5da09d-77f0-4c3b-bd0d-f94a6014188a,TRUE
1383b4d1-7463-4052-9341-73b1773b73eb,TRUE
91de0d92-0a7b-47ec-aed7-b4d6ea609e69,TRUE
a15efa07-257b-48eb-b93f-b022ddc63f91,TRUE
3c5cf7b8-9d0e-47e8-98f5-654c0f28b900,TRUE
8948f994-6878-410d-9d7d-34f6b8b6180a,TRUE
c27dd127-910c-490a-802d-b0bb2c5fa1f6,TRUE
9c41eba6-0e4f-4cd5-b87c-dc8bb7ac3e2c,TRUE
0bb070aa-57a7-4dd4-ab06-a6fca8ef3c6a,TRUE
00c775d9-ec9a-4b2e-ba88-1a0d2b7a2637,TRUE
e31e04e1-0239-48dc-acce-19d0f9fe8113,TRUE
48e79407-ca3f-43d4-bf43-0070e4001008,TRUE
24285bef-4920-4224-bfb4-a595011ab8f2,TRUE
cf3301b9-3e68-4d27-9adf-58924145bafa,TRUE
1d1ce069-0129-47c8-a9c7-ddd26fd59ffc,TRUE
01bbd383-a6e4-4b8c-8a61-211cf2a4ed55,TRUE
d778381e-1215-4158-8fda-d08799e95c1b,TRUE
1aedadbe-9d92-4fc4-979e-b1ea811b328c,TRUE
80554e05-9137-4038-ba0e-c9570cb3135f,TRUE
b5a5b963-0186-4849-80fc-db8d9177b276,TRUE
79569566-21d3-4741-8314-40408a10996c,TRUE
766743cc-773b-4095-b43f-43d942bf06f7,TRUE
db6609cb-f498-4718-a399-8dfe4a7f5eb4,TRUE
82d1cd64-904f-4dcd-9116-75821e671057,TRUE
289981d8-0586-4b72-9647-181c5bd824c5,TRUE
bd11743e-8a84-4c52-b7f3-0b5b7f517ba3,TRUE
9a5832df-db3a-4970-a2f2-9bb56c4418de,TRUE
dba98b3e-c35f-4e2e-9504-6bc3b7a0061a,TRUE
9cee91c4-e840-4768-ab36-9833ef132866,TRUE
6d4aca57-1142-4da9-b974-ce2ef4450d27,TRUE
a43dd57e-8892-4829-a629-b3291d690e6e,TRUE
3bb6e45f-9336-4f49-af65-1b9f497274dd,TRUE
20b3d45b-fdd9-4354-92b1-cdaf0bca0f3e,TRUE
98d6af00-3315-47fc-9d83-8ee6352dd8be,TRUE
7dcf0ef0-5226-416f-80fb-d6edae57ce8f,TRUE
5cdb518c-0212-403a-b805-776dc1608d9b,TRUE
2403f1f9-2e9c-48ae-b828-b29fb65df990,TRUE
94fa04be-3b21-4fad-b89e-3cc70010d11a,TRUE
93433107-500f-4525-bb9b-f8253fbf384f,TRUE
88fd264c-f3f5-45a7-8040-eac7e8fb0993,TRUE
957b2aa5-6a29-4026-88c3-b98a8604c2a6,TRUE
66ab1f6c-ff37-4e75-b421-ce13dd9bce65,TRUE
4bb95b04-e767-4bc5-aa5e-6ad1603f10df,TRUE
9c767b55-ef52-4d6a-b1c5-cb3140e9be11,TRUE
8e31c728-bd13-42e6-9bfb-a25eb7457a5a,TRUE
4e358005-5fb0-450f-be4d-3082706cb610,TRUE
af7d3bce-eaa4-4f22-b514-ad15cd8bec8e,TRUE
cf9672cf-2542-4ed3-863c-3d7ba54d3082,TRUE
40a4d79d-bf56-4109-bd42-1128b4bab9be,TRUE
0289394d-6913-4797-bc82-4524e36de674,TRUE
3e9be86f-18b5-49c1-8252-9ac85007151f,TRUE
84cad415-8d2e-4d64-bf8f-199567bc62a5,TRUE
5bc0c965-9cf6-4d3c-86de-cbe457507312,TRUE
4132219c-7719-4f23-851a-38781876411e,TRUE
470947d7-8bb0-4cd5-a778-03cee2177783,TRUE
737315d6-567d-457e-adb8-a450cf885c68,TRUE
b8d48548-f6b0-4152-9cc5-6ff3e04187b6,TRUE
121578ff-26c8-4e5c-b7ee-de7aca52b953,TRUE
067ccac2-5ef8-4f59-9998-15170feb7b50,TRUE
4f7f0ac9-9079-4c67-9a48-e883d4276e60,TRUE
8da1f65e-a60f-4952-842f-3dc2ea8adae1,TRUE
5b87513b-3e82-4f6c-980f-895d81a6f35d,TRUE
33601335-3b20-4774-8574-2f6d804213e4,TRUE
2bd9c01c-9aab-42e8-9b5d-b95a66951199,TRUE
b60c239b-2dfd-472c-a808-8892c863d579,TRUE
778b6107-4425-48f4-80aa-5e7992ae2a62,TRUE
8f8a5207-95f5-4a2d-adcf-604d0317c027,TRUE
8b7f5d37-36bb-437b-b032-262ff6103d72,TRUE
edb2ce0b-ecc4-4d52-ad87-7c8d33a7ab5e,TRUE
0ccfa8ab-8155-440c-baba-9cfdea01847b,TRUE
f2bf563d-b4a1-4b42-969c-cabcbaa9341d,TRUE
64e80bab-3306-4e88-8215-a859f5faac00,TRUE
5cc0f234-1d1a-49c0-baf4-97257e4b6609,TRUE
9c5443de-63ec-40e8-bf0f-1d954048c3ae,TRUE
2120d49c-4ae8-4107-b725-6836529f4cdd,TRUE
e7b91511-c616-40dd-b9e7-d35437b96d24,TRUE
f10dd27c-f89b-48aa-8799-6abc1b2e81eb,TRUE
355d6e78-aea2-4e8e-a11f-caf01810aaed,TRUE
23d35b1e-d5a4-4c72-b8ad-2b07d6c766c1,TRUE
5e3df557-1a3c-43c8-bbe1-1d2a0cb1c4e4,TRUE
161b4e71-ab43-44d1-87e0-ce2dede5c5a3,TRUE
20417a24-41a4-4130-ba9b-a68f5367f1c9,TRUE
87765651-477c-4989-b621-f0db9d43ed83,TRUE
af7be442-982b-40b9-9754-d07385cd0085,TRUE
e331c98f-bfd9-47c2-a6a1-bfc4b5518857,TRUE
77b51346-b133-4734-a728-ba78839dc3b3,TRUE
70a355a6-6a2b-4f80-9c53-39463cc1bac3,TRUE
3d63386d-0e5d-4fcd-b556-230ee035f0e9,TRUE
d5987214-695f-4ae9-8c9d-d0690e7dbaa0,TRUE
4cfd24eb-d695-4b18-84d0-b4594f89797d,TRUE
748e285c-1c20-473c-8f7f-c64111ac47b2,TRUE
f971bd38-2e33-487a-9fa6-e964eede63d4,TRUE
258b754e-dd00-4d86-8bef-9d201f8c3bd0,TRUE
20c6c00e-a2b6-4e1b-9d13-64dc74dca5c1,TRUE
ef4d1f8d-1a08-47c1-a722-05eaa352cd32,TRUE
3e8956fa-b232-4efa-acdc-41ee9bb683d1,TRUE
9b4fcd6c-6a23-4ab7-a8b1-68c2260c7ac5,TRUE
7b48a6fc-d90f-48ae-9f16-9578201b0170,TRUE
eadbadd7-20b1-4980-998a-00c31f779b46,TRUE
e90d9675-c975-408f-8dae-9cd696fab43b,TRUE
25e51c8d-d772-449d-b36f-b4b9427c542c,TRUE
65db98a7-1fbe-4be1-9c86-7d928d0cb3bf,TRUE
a9f0a44e-4506-4ba1-94d6-7daced2a22f6,TRUE
7caea773-c94a-48c4-b288-f385adaf6e40,TRUE
d5a12cfb-c125-4009-90dd-5b4529c02c07,TRUE
7149d3fd-2fe4-443c-ba38-9bc449a6d397,TRUE
26bb87b1-7b75-46a9-9b9f-d115a2b36c2d,TRUE
4c7bc9d2-fe38-42fe-938d-eb9ebd0bdb5a,TRUE
0825c2f0-4be4-4398-97ad-3470aaf5edc8,TRUE
655181bd-87c0-4b57-9709-a2352f4f0507,TRUE
9f3e366d-312c-4c22-83e9-5cd9cebc8930,TRUE
b16d82f0-d0c1-4b7e-84be-243f3109b3e3,TRUE
55f78951-1db2-4a88-8ca6-43a74bf32de7,TRUE
87b6f2df-8cf9-46a2-ac76-8f2076ab70e7,TRUE
d35212d6-5ae4-4fd6-bc54-d004b60789e4,TRUE
aa788b8a-4db7-42de-8b5d-e7f0c7288467,TRUE
5b974eb8-bb8a-446c-babd-064f7d5e5cac,TRUE
75134465-a987-464a-9a53-8f98899f7880,TRUE
764be004-ca5b-4102-8087-c79095ea1686,TRUE
8a0566e3-5ae8-4dbf-aa4e-d9c1cb2d2a68,TRUE
40bed491-addc-4bc9-87e4-b0d65b4ebdfa,TRUE
d45a2554-6c9a-41e3-a638-ef3b7eaf3ec1,TRUE
2ff8e64d-aec4-4e55-aa00-cd57e7b41e15,TRUE
73104323-8479-4d2e-ae81-fab05d63e59c,TRUE
86f37a8b-d4fb-4303-9997-3c61866cecb2,TRUE
2967e120-ae3f-4d58-8e65-125a60d83e46,TRUE
4bab1ece-037e-40cf-9d05-8b3b2fe2d2c0,TRUE
ef637d87-cfff-461e-aa78-562f4d93acfc,TRUE
22431f81-e767-4f0e-a3d5-4b503a64f950,TRUE
953931fb-24b8-47d7-8104-366973219cbe,TRUE
016e83d5-1bbc-4cb8-9b8f-e17569666578,TRUE
5860e1b1-d9b0-4780-8ce9-e33566c187b9,TRUE
d98260a5-3f3d-4f2e-8f77-33a06f69c6c3,TRUE
671844d9-3a37-4319-af82-2ea12b789765,TRUE
9b1cdbc0-1611-4171-9724-87b5c5557784,TRUE
94702950-cf3d-48ed-a6fc-cba66bcac8b9,TRUE
288d4817-3635-4e99-a2b8-161fc4b77533,TRUE
c48b9a4a-ec52-4326-91fe-edb6b289a561,TRUE
2f959345-5c36-46f6-9765-d226cc077192,TRUE
bbdde185-3464-46b2-8bbd-321b2fd1fc7c,TRUE
8a2849e7-1ef1-479a-b613-d218d03482ab,TRUE
c164bb00-5f99-4024-b84c-869e04f8064b,TRUE
49b55138-9ad5-4795-a947-96aa0f7ac7c9,TRUE
688343c9-9823-49e0-baf2-a26c536f4a96,TRUE
4ef0f499-73a3-4229-9193-d93bdf194292,TRUE
5392bfc6-f2c3-439e-ae56-32ee76040a1b,TRUE
b9a969b5-fc97-4809-a15c-845e18f5d7b8,TRUE
9b1a861e-c48d-4ff5-8ed2-151369decb9a,TRUE
d31e200d-518b-422e-a4c2-dc6623e3eb2d,TRUE
eccfc665-78d5-41ee-be9f-47dc05ac5050,TRUE
8c0f7001-8603-4827-b883-d9eef2e9955a,TRUE
e7e35fac-817f-4f5b-94ad-c9a03fb9836d,TRUE
db928c0b-536f-45eb-9c1f-d7e9c4548bd4,TRUE
feaa4d9b-1811-45af-a358-d64c2ae4f7a1,TRUE
7e3d8f2a-9869-43f5-819d-a7aa323d0e3f,TRUE
f7be08c0-a4b9-4446-a367-65705c91fc79,TRUE
ac4306e5-71ea-458b-a88e-95d59d7e2257,TRUE
1ca3e8cf-1358-4956-8cc7-3c90bbe12f65,TRUE
c31cc68c-2ff2-4079-8198-dd6c2b937815,TRUE
eeda50d4-d475-4385-8275-cacab3028cee,TRUE
869328fb-650a-4f34-ad62-a976eb684ffb,TRUE
8e237d62-4d27-44f5-8ed4-3275cf2d78db,TRUE
a5854dad-5806-427b-995c-4772b59d0c09,TRUE
ccf9817c-cbaa-48e8-87f8-cf227ce22b87,TRUE
9792c282-2039-49e9-b2d7-20224a360e29,TRUE
ed42cb05-d3a9-440e-b584-3d4b01d8875a,TRUE
b9adb3f6-3fcb-4abb-a0a6-36d31988a6bd,TRUE
a8e3a84e-4894-4860-99a3-0ed65cf3d19d,TRUE
67aef751-ece8-4087-ab1d-6bc4dc2a7a07,TRUE
911f0f8f-9f1a-4786-94e3-084519944637,TRUE
42db32f3-a32b-4ad1-9afb-e459c052fe06,TRUE
a3da6f97-5b7a-4d93-a782-a605b439a3bf,TRUE
406ce96f-0fc9-4d8e-8bc0-f1b72bac92f6,TRUE
8f12539e-a52f-4355-8137-b496cf5fd19b,TRUE
5cb6d227-1ac4-42d6-b831-692edc46f0b7,TRUE
edc11ae9-e7df-4523-8031-e8d9db4035ed,TRUE
eef0f8a8-9261-4a00-995d-95ab17f5dd8e,TRUE
c9c1909f-e997-4e31-a8bd-ae0b90618936,TRUE
66f1c639-025a-4338-8384-6a97297ca309,TRUE
dadb8fee-d1bf-46cf-b51c-29489aa28a4b,TRUE
737b83b3-4315-4edf-80b6-98dd45289038,TRUE
889748c1-0cde-43d0-99fc-04bf8c47e2f6,TRUE
763653a2-25d4-483f-b7ff-82cc8ac2f6cd,TRUE
c3c897b1-97dc-4152-82c1-797ffeac06ed,TRUE
5e52fd92-fa65-4615-baf6-f7ad541105cb,TRUE
b953208a-8065-436a-993a-9881fdf7f5f5,TRUE
80d1b4ba-4489-49f4-b6f6-5c4e6b683ec1,TRUE
651a8ee9-200b-46cd-b644-4091994f0b70,TRUE
9f005c4a-a641-47bb-9e1d-b897f292bf49,TRUE
8c74ceb5-5b9d-4e0d-b744-b8268ac1f3d9,TRUE
d1c4d624-4aff-4625-b418-8865bd5746dc,TRUE
b2823e2d-bbf0-46ea-bbaa-f290a0afa809,TRUE
bf901378-dc82-4ba6-988a-2a0f7791aab3,TRUE
6bd10842-88d8-4874-9e7a-f914f20c0dbf,TRUE
07d4e861-47dc-452b-ae1f-d4fee57c0ea6,TRUE
745c153b-b8e8-4b0a-9da3-2e7991cec799,TRUE
fb9e7422-db3e-4d94-b015-ada8b411ae7e,TRUE
ccb2563e-26a2-416d-9b58-f3620e4e07ad,TRUE
2537d7a8-65be-426d-b4a7-b624a0d08e90,TRUE
f4db10e9-81ee-42b1-82fa-0c9b0738140a,TRUE
2166868a-5805-4efd-b601-54706829a435,TRUE
177c56ed-20a5-42b4-8db1-d0b5f3b2e8a8,TRUE
fefb9964-f770-4ce2-9bdd-dbce14dc9504,TRUE
de35206e-dcad-46c5-8a70-4c1eda8e9aa9,TRUE
f2ced293-f6e5-47c5-8886-6eb68c973367,TRUE
dd2cb966-127d-40a0-86ef-bc84291170ab,TRUE
9b7e3234-0d90-47ff-8dd8-e5907416e95a,TRUE
d4968163-3f72-4a70-a2bb-4503eef5ca8c,TRUE
8b316aa9-9919-4d55-8103-4f5fea21ed4a,TRUE
76ef5011-53fd-441c-8f44-33c7deddd3a1,TRUE
957f9896-b7d3-41ac-be79-4404c5636795,TRUE
f61cef32-b872-4d14-99ea-a23345f31cd1,TRUE
747893c8-e879-4e78-a912-52d28ead5c54,TRUE
fd12eaf0-a04c-471c-9d5a-90a92d1331fb,TRUE
9648cdb8-49dc-4753-9098-9527b1dc5906,TRUE
420d59d4-6676-48f5-876a-6cf1f78b8640,TRUE
8fdbf369-8e8f-445a-85ea-4ec30aa38370,TRUE
1b236ced-4c2e-4b80-90f8-ade95965f848,TRUE
eb89bad2-92e3-42e0-a844-21a30e7a9d22,TRUE
0f6b9d6b-a82d-4e4a-a8f4-b9598c386c6e,TRUE
c9dde5f2-28a6-440d-80fd-96c182b13819,TRUE
6d96e6d4-f7d4-4605-932e-f451b3e87506,TRUE
9b2529aa-a852-4601-ad71-d9a55f2e5dc0,TRUE
26eac581-327f-4c01-bdad-bb9831884417,TRUE
cf50cfb0-88ab-43d4-960a-01d794dcc7d9,TRUE
74157eac-28d1-433d-a9c5-edd05350b347,TRUE
3ae44e43-ab17-46f1-9cb2-98f55775c402,TRUE
d21bf9a5-a76a-4d50-baab-b63ab319a7d0,TRUE
f2d8e86a-9f05-4e0a-afae-918b4ff26bfe,TRUE
4bbf2a43-fb86-447c-ab62-e692ea151c83,TRUE
b452c715-e7f3-404c-8c84-be03c5a97206,TRUE
cca9b9bc-44e1-40d1-bb47-78132823160a,TRUE
65489067-a003-4699-8379-6bbf184fdc20,TRUE
3d673d0b-82ea-40a9-a2c4-c12ba19d7c96,TRUE
181d77e2-f68b-48e9-a228-49433193000d,TRUE
9f8552f0-b98e-4452-8f73-161d71e378e1,TRUE
0dde5bd4-f68b-4ad5-87ae-dfff1f445fc7,TRUE
ba7ffcc4-92d5-49e4-831f-89f3948b3898,TRUE
f0aaa210-1ebc-477c-b14a-f0bcc1f27476,TRUE
65551b83-5302-493c-b527-2ec3467ce8dc,TRUE
f7c8fa46-4b21-428f-b935-4b65fc95e0c0,TRUE
bdc9b6c2-cd3f-4cbb-83f9-efc284c883ec,TRUE
25dbbb07-0040-41fa-bf9c-d9da05ea14bb,TRUE
fbe35304-8a29-4d5b-a16d-fa8287a7ea2f,TRUE
70f2e83f-09ad-41e8-8eb3-c668e9150a1d,TRUE
33ce47c8-a1d1-4441-9732-6af18645fa4d,TRUE
96b82c19-4505-4539-83af-fc1625ac2b32,TRUE
17b0a474-7fa8-4793-b2e1-3ffa6ff344c0,TRUE
4762c7b4-a1a8-41be-b908-86305ae59b2b,TRUE
54183604-2376-44d0-8de7-fe38b0df5c66,TRUE
03add38a-189a-41f7-bb99-f1d010e21ff1,TRUE
1fe8fb6a-8298-439b-944a-7b8b6940886c,TRUE
47d43aa7-b5ea-414f-94b0-cd9a04121c07,TRUE
9fa6768c-5c4c-4edd-b770-c1fad8f0e743,TRUE
358fd51b-8123-466a-8936-30ddd6baa6c2,TRUE
ff056afa-86d1-46b6-9a0b-6e8e038731d6,TRUE
ce89c3f3-2ae6-4843-8f0b-119f19e4a14c,TRUE
7c0ec1f3-6ade-41b3-8bc6-e6c86c1201aa,TRUE
75d30ce6-ab82-4785-9293-48a6bef32307,TRUE
9408ecfb-02c0-4bd0-92f6-ce5fe4d5c403,TRUE
c03dc952-efc0-433b-826a-1d639ad767e8,TRUE
26ffe9ca-5d42-423e-a1a6-cb79db34d44d,TRUE
95ad7d76-5a3e-41cd-b98c-af2f6e513e95,TRUE
9795c91f-8a0a-457a-9f10-786fce96382a,TRUE
7dd71de7-4903-4def-99f1-4d076306232f,TRUE
075c963e-3bc2-42f2-8456-f5993f851449,TRUE
10c460fd-eaf1-47e7-8148-f031330096de,TRUE
0f0fd3ad-ecd1-4532-9bab-0cf695c291ec,TRUE
04dbd43b-576b-43a6-9674-a77ac2b2a8e1,TRUE
34ce4468-5f27-4d78-abd3-a8a0e3b95657,TRUE
ad67b335-7e97-4918-8fcc-046232b4cea7,TRUE
d3289042-947c-4d2f-b340-8efbe5c742d6,TRUE
f7fbeb12-111e-47b5-a326-efd840fa0a01,TRUE
c896909e-50b9-42cc-b0ac-9dcd421a5958,TRUE
6fa1fcb2-f46b-4860-b6bd-0057b2ebbb96,TRUE
f89bcf70-c63d-48a5-b217-143f67f72372,TRUE
626c03c4-4e06-4c2d-95fd-57d370151dfb,TRUE
0ed108bb-6b3e-4acf-8c77-9b3c23bbd78c,TRUE
4b6f64a2-bdce-43ad-b395-1f755a150705,TRUE
7cf8ac1d-3f02-4ba6-b8da-54fabac9ed24,TRUE
456834e7-abfd-494b-9d38-7a4ae29f2b6b,TRUE
be38bccf-e44d-4231-9584-4d43f80f7222,TRUE
0f80ecc4-d06c-43a0-9c99-4f8bbe8e1f98,TRUE
5960a3f7-37db-4a22-bc90-e43a5c75867c,TRUE
5ef2ab33-6331-4eea-905d-595442e21dfe,TRUE
7022f3fe-69b6-4f84-badb-c02ef5bb5e57,TRUE
14245c1f-6b6d-45f4-a23b-03afc9cb7814,TRUE
d20c4fbf-5ebf-420d-a4cb-d80cdf2fdb9f,TRUE
73d0aa0b-fbde-4302-8964-72a73fd910b7,TRUE
28193892-249c-4dfd-aa55-ad160ba9cf66,TRUE
96af04b6-045b-4083-b941-ee50c769ffc4,TRUE
fb5ceb8a-bace-4ee5-8fc6-444bb44589d9,TRUE
11423af7-2932-42dd-853f-eff9222aff0d,TRUE
466f1235-b422-4007-8eae-18f4194410f2,TRUE
54760d81-da86-47cd-ba8d-077daa5bd6e1,TRUE
4328b26f-200b-4ef0-aacc-5f9297f9ac43,TRUE
4b4743c6-6659-4ed7-8e2b-a43d51124cfa,TRUE
6e87ddc8-b42a-4290-9297-f926f0505785,TRUE
78cdf3b7-0791-436c-ab88-1569cd163cf7,TRUE
1ed3a323-1e9e-4021-bc25-94251f524347,TRUE
1a9504d2-b2dd-485f-b9b4-1e23d0b7d8bd,TRUE
580fbd92-3e61-40db-a1a7-7e73d7cf0080,TRUE
bf27d9b1-c890-4878-9329-034ebee9f996,TRUE
42e1d3b9-7e10-451b-82bb-02376330ea5d,TRUE
c6878966-7687-4b2a-8965-19e7a8e075d1,TRUE
fc064f95-b9af-4893-b286-c443816efbbb,TRUE
a0c409b3-51db-48b6-95f6-646a281cd5b6,TRUE
ef487b3d-825a-4bb3-9e78-1a0da504e873,TRUE
da554ea8-4921-45c6-8b8c-a511af912c29,TRUE
9ec8d667-7e56-45fd-b810-9ba39df0afce,TRUE
d263289b-1f1f-4d99-bfb0-eb55ecbd5b5b,TRUE
5c70e844-f0fd-47d5-a9a7-9832ef346d19,TRUE
35561ca6-7cdd-47c4-bac0-92e40500e7b5,TRUE
74967989-a5ae-44c3-86bb-20fa9b437152,TRUE
28bba559-6770-4b04-ab4a-1de32eac5841,TRUE
625d1f4d-8677-404c-a2a1-d6beb480796d,TRUE
04f566d1-6712-449c-90c3-79163d60dbad,TRUE
9e8fa613-584a-49fd-8bc2-c15d217eb94c,TRUE
570dc53d-75ab-4744-bc32-c8461814150a,TRUE
64d2cc91-ca11-44d6-8461-146e4e543873,TRUE
690a1013-f408-4c19-8ef4-92316ff4d557,TRUE
fc3edf18-ca54-40b3-932d-17d0a8530b2f,TRUE
027feb77-144c-4bfe-afb6-58790f9ef6af,TRUE
70225907-f66a-41db-9c59-36e84e5dede7,TRUE
83742337-dfbe-4538-94ee-d159b81d746b,TRUE
5f9b2ae7-402e-44dc-9c07-a2114ca10a0f,TRUE
13b67053-a0c1-4d86-995b-43be8ae96d45,TRUE
aad86cc1-ba4d-4c7f-ad52-279ce4ab05df,TRUE
2b47676f-35e2-4a5a-bf71-fedd7fe50769,TRUE
0a92e11c-13e1-4e3e-acd4-f150ddbd63d6,TRUE
ae9da5ae-d37f-4946-b34c-00c4843306dc,TRUE
3e198844-bdd0-4bfc-9f74-3eea11dcec81,TRUE
567ae20f-f891-433f-80dd-f97235666ebf,TRUE
58300c67-6b8f-4fce-8373-a12d38f2c409,TRUE
51281c22-c1b2-4915-891b-6c2a946a22d7,TRUE
42689cc1-384a-4bf6-a1b0-1d8f04f0486d,TRUE
0e03b072-b39b-47f2-978d-712787c79360,TRUE
c0470a70-3c8f-416a-9b4b-f9f45538d176,TRUE
5457f34f-face-46c7-9e53-a0fd521e5191,TRUE
2c39fb5f-5d38-48e9-a81b-5d3d4c634244,TRUE
dd89631c-7fe2-4de9-8801-2e46ed04802e,TRUE
bb97f03f-4879-403e-8fca-72c7febefb19,TRUE
25859256-bd83-4b47-ba81-936f3136fb5b,TRUE
27c0faec-fb0a-4e94-bfc0-6ca4cc3af058,TRUE
0d034a5e-068f-4e0a-b239-4d7c57394bc9,TRUE
1e7b6dea-b527-43d9-bc57-ff3dadd0ff72,TRUE
dcaafc35-0a8a-437d-9e82-f1e28577499f,TRUE
d2b6e7b5-c639-4656-9947-5f5c49e018bc,TRUE
180cd440-fcc2-429e-a187-adf821d90e0d,TRUE
275372c2-fb96-464b-ae99-e7670e0fe955,TRUE
11bd230f-8b75-43c0-89ba-18f64bfaf82b,TRUE
8d8b2719-46b6-4027-91d9-69cb08685a7c,TRUE
ab8d96d4-663b-49b8-8151-77234bae0e84,TRUE
bac9434e-6d17-48b5-bcf7-72c3b0fb645b,TRUE
cca265b9-672f-4456-8244-b08406a20968,TRUE
74991f24-7338-4cf5-874a-70d41a77de42,TRUE
315c9a0d-51fb-4ca2-b7ac-07a4879f536f,TRUE
2f1d8fb9-5819-4b7d-beff-bc59413b62e8,TRUE
339827fe-2501-4d07-b13a-00c7e28b5f3f,TRUE
892135cc-1668-4709-8aa0-af0987642404,TRUE
742e4732-d7bd-4980-b84a-aca6fe871793,TRUE
d28aa2a9-5a47-4c6c-8a44-1585dbc5efc8,TRUE
a6354098-9063-4155-9c46-5aaf1b077a81,TRUE
8141e80c-5c26-4f35-be13-eaf83518c154,TRUE
6a74ec98-83f9-4cc5-bfe3-852863818cef,TRUE
95026b21-588b-4bb2-8ac1-35e529bb4cc0,TRUE
f0552761-64ac-423d-8502-6a5a4357b4b8,TRUE
72f5f009-bcbd-424e-a4f4-02586f6e2a9d,TRUE
1d8eaaef-0e0b-41e7-adb4-ca3db9eb2ed9,TRUE
7e214eba-68e2-4652-a9f8-ac774ab27bdc,TRUE
257f9a85-e22f-4846-b1b1-ae49de72f31d,TRUE
75581871-88ae-4e91-86ab-75da4f4d480f,TRUE
06f1e926-b911-4652-bb13-a85cafc8fcef,TRUE
615b05fd-bf6e-4225-bc4b-308cd7f2c210,TRUE
a62ab3ed-d2c8-4013-b9bb-1f14037f771f,TRUE
00508d90-86f4-435a-a7e1-9b8f4c6fe2ee,TRUE
3a2ffe6d-1a94-4880-8857-56e5293c37a7,TRUE
cb48a836-88fd-472d-b7db-f3e6c4784b37,TRUE
3179f638-b786-44fa-ad4c-74a22c4f8ed5,TRUE
3273d940-9920-40d1-9ae9-d7f947ef5786,TRUE
daa57d45-7789-45c5-b983-d96c7c633e8e,TRUE
a5ca037e-7d2e-4946-a560-e512dfa9cc8a,TRUE
7f1dc08d-b818-4d89-84f7-9c054882a1be,TRUE
bb34f87a-bd77-4a3f-bfe5-26a3706b40da,TRUE
70114ec1-c3e6-455c-8f63-b2fa4d8ac849,TRUE
7a61a6a0-cd26-43d0-a40f-e122b3ed8c26,TRUE
0c6b84e3-6e30-43d9-b8ba-a285e5bfead9,TRUE
91dbc624-0cd9-46c2-b44e-068fec4259bb,TRUE
67562c3e-b4b9-437d-906b-33a986788531,TRUE
c3db13c4-4625-4d80-9ecf-edfd0f0f2af1,TRUE
16361853-41fd-44a4-b0f4-550d32521eda,TRUE
36ac315a-e7c7-4999-b1eb-0909df9a7ee7,TRUE
c9070dcd-bd94-4bc4-ab74-b5a0b9e25cb1,TRUE
e1ce0aed-20b8-4417-a854-a9926597872d,TRUE
ce7adc67-7664-48b8-bf27-09ae43565c18,TRUE
a53c66af-52b1-4267-aa93-b118ecefcaae,TRUE
a7cb4ecc-441e-4b30-8eae-a7bb873ccc6e,TRUE
bd236a4e-b7fa-4f7d-bdd7-0cbed0c02a14,TRUE
2e8cd904-17d8-4f83-a178-c6c8fad43c29,TRUE
431cac95-6ec3-40aa-bb28-69f21c4cf05e,TRUE
f4443542-505f-4688-8ab6-d196dd62cca7,TRUE
6a647f30-0963-4b49-ba10-c70bff64affb,TRUE
3b0d30c9-133c-4f46-858b-ce80863d5a14,TRUE
4be3babf-6bad-4002-96b5-efccdbf5d54e,TRUE
910c1a6a-ca39-4f63-a5c8-4a6afeb50777,TRUE
b7124803-8809-4e46-b53b-4d29dff77cfa,TRUE
87faea8f-bf2e-4e10-ab5d-c1ab0cbcf158,TRUE
2e6b1c89-6bcc-43e9-b7f8-93453b3cef63,TRUE
f38ef5bc-788f-4ad3-ad00-f417b1c37e4b,TRUE
44026aad-76e4-4e64-97ab-c7c6d1dac397,TRUE
51d992e5-6093-442b-bcbe-369a26ebe37d,TRUE
9647a7d0-b9a3-4048-9efa-5360bd9a20d6,TRUE
21de00ab-67d9-4985-9cb0-05262523729b,TRUE
412cea59-f7ae-460c-99ec-b469aca75af0,TRUE
56c85658-c863-4401-a57d-64434b279a6b,TRUE
1d962b51-bac1-4ddc-88da-e4e9aff81e3e,TRUE
1061146a-ad33-4850-ae65-31c00546c7a6,TRUE
86308e2e-4c06-44b1-ba57-91092c5ac9e8,TRUE
f21108cd-542c-4500-bc95-36cbbef7667b,TRUE
4131fb64-57a2-4eee-a2ad-27e6fce45154,TRUE
aacf800d-290b-4608-b3e1-9349c4432546,TRUE
7b97529b-e044-4b16-b02a-02b909fd95e0,TRUE
441e7ff0-acfe-4153-94ef-3b177d3879bc,TRUE
bd1d105c-2ff9-44d9-b783-184d29090ee1,TRUE
e9ad0c6e-c543-46fc-bf14-886309b0c401,TRUE
20955ff6-3f02-4273-b1a0-a2da34ab01da,TRUE
e07481cb-b7dc-4382-a3af-fa5ac420ef19,TRUE
af3fd9bb-8407-4e7e-a82d-1c896cde52dc,TRUE
f120717d-9b22-4932-8d62-9970586452eb,TRUE
27420ea7-fd8b-445e-98b5-e6e75bc6bbd0,TRUE
ea45ab28-ad06-45f4-8192-35562342df76,TRUE
a762c109-d3c2-4638-96ed-9daeee6d3c92,TRUE
e7439a6a-9066-4e43-a42b-a5a5a03b92f3,TRUE
09af5ded-42c8-411a-ab75-b4df3290f1e3,TRUE
2d3a4c37-666a-40bb-b666-497b3c3382b0,TRUE
399c74e2-8a77-4869-b146-1b08e66614c6,TRUE
75ef1a57-bd53-4a88-b5fa-4d35463d1658,TRUE
df64edf6-53e2-4f47-ab58-b124f910836b,TRUE
8b91e4cb-12dd-4d1e-8399-e6382e291ded,TRUE
152b1d7a-af07-4328-909d-6eb2ce27c648,TRUE
59bca194-4da4-4116-b62a-422710b2a93c,TRUE
063a55ff-f9d7-4f21-a28a-eff00351cc7f,TRUE
b62e7e64-35d3-4bcb-b7bc-259b76d99c51,TRUE
44f18b79-f925-4153-b7da-f6b9ac36f765,TRUE
197e8514-49a9-4e08-ab9a-df6b866716df,TRUE
5e9c3964-6827-462c-a207-8ea3e8abd731,TRUE
79bdbaf4-1ec5-44d2-b537-afee035091b4,TRUE
9ff66bff-29ad-45fb-8d7e-3a74ac18f23a,TRUE
ed2c3e2b-5b96-4c1f-920f-055d212348a7,TRUE
e4fa3757-1edd-4037-8b1b-14a4f7db281b,TRUE
f8bc5552-2f5c-46dc-8843-25bc0a545538,TRUE
5d249cde-5638-4a4c-a324-2a045b08fa66,TRUE
3f23b2ba-b05b-4c32-8b30-8e1d8481454f,TRUE
7f5da2af-dac4-4cbf-a97e-3919e50d2d39,TRUE
c4162b2f-de85-4ecf-bc80-1eb2f9d93657,TRUE
cf54ac78-ef70-4e4a-baa0-a00961e5e825,TRUE
e8f33501-9b2f-484d-b40b-faece3233fcd,TRUE
2ce0fd22-8a6a-4a60-ba4b-fb911c357346,TRUE
786fb544-1c08-4257-8f8f-21fc48503673,TRUE
05694674-05e1-436b-b250-70124802c8f6,TRUE
62e65e2a-de68-4b83-91ff-97facf090e65,TRUE
237afc0f-71b3-49da-a5a7-6b6006b0418b,TRUE
383d8418-3e53-4408-93f1-f07d3dae4c35,TRUE
f22aa059-f40c-44e2-a2a9-1e8c93c6b752,TRUE
66eb23ee-abcc-437f-8e5e-593c0e893ddd,TRUE
0a44f147-7908-483f-b07c-bcfa80071aca,TRUE
d0933163-bda9-4504-a7ea-d2fd6a260719,TRUE
74a2081b-38f3-42e5-a42e-0df6e36e78a7,TRUE
c11bf026-e50c-496d-a2a2-75aaed3b48bb,TRUE
4d000122-d5cf-42ef-b979-651321c36e4a,TRUE
8d3453ea-2ac6-48f9-a206-276e88d72d5d,TRUE
e5344b12-1bc8-488c-82d6-57dce71bc843,TRUE
63b82e71-a96d-4cb2-9a6a-b2ba72625bfd,TRUE
c02e6150-973b-402f-a3a9-a03142509d7a,TRUE
3bce6817-c720-4dea-a6fc-adb6c20e6a3f,TRUE
d93dd71c-4d19-4bc3-a880-2b886e086c83,TRUE
32ee08f6-c934-4ec7-adb2-4237aa966e53,TRUE
edd69152-6214-4323-a2ce-400cf49340c9,TRUE
ff06c4d8-0c82-45ba-8f34-639f6736528a,TRUE
329d38e0-2e73-4046-809d-f69ae4297b20,TRUE
547fcc20-af5a-4c09-ae74-77f67b063043,TRUE
a9d5410e-42fe-4d01-ba3b-432c7f8ca37d,TRUE
d943b762-2a99-4cb2-ac12-400ba66eb096,TRUE
bacaa608-0768-4563-98df-9518801d549b,TRUE
68ee4498-1897-4254-ba86-f5d57e00cccb,TRUE
bf54649b-bcb0-4b0e-a4e3-7fae4aa0d9d4,TRUE
21a357e2-52a4-4bd9-be73-ebc592692bef,TRUE
aa490856-2095-4964-acdf-0effee46279e,TRUE
bff9d446-7b0f-4932-a581-2b49fd5f6add,TRUE
feba69f0-0113-42bf-bb8c-34f1e8d4a92a,TRUE
18fd20f9-ed8b-468e-8226-35df38bca04d,TRUE
9afe82e4-5279-4bc8-9e75-9ab2edebfb31,TRUE
3a7e7ac4-93d0-4019-b540-45b229c980ad,TRUE
434edae5-11b3-4cbc-8190-eee3df9493c0,TRUE
8e34f7b5-b40e-4dfb-b087-ab7a3f469455,TRUE
77a55fbb-29d6-4fc2-916b-52f7116a7403,TRUE
63bb41ec-fc44-47b2-94bc-1cdc2ce7e582,TRUE
73feeb72-96d5-4fb2-a8b0-4fdc306f972a,TRUE
52b41738-20e9-42c0-b5ab-8970d7314b0b,TRUE
1381b77e-b9df-4284-a0ae-a72c6285c13d,TRUE
353cfcf5-369c-464d-836a-04cf8fc3e501,TRUE
e46b196c-5889-4fe3-8adf-d09effae0711,TRUE
5e4ae737-d410-4cdd-94b5-8c0387045223,TRUE
019135f7-f737-4b34-bd0c-8a1e8de244de,TRUE
ce21136b-64e4-42ae-9f5b-c28b444f9081,TRUE
9dd918fa-dc87-4813-bacb-29373c13d36e,TRUE
744a3bcf-11a4-4ec2-9c60-c69ffaf3fd02,TRUE
995f84ee-b133-4405-b374-2efd316fb13b,TRUE
4f93787e-f10a-4e33-a68d-e788f06af726,TRUE
7de12d6b-d091-4223-aa5a-d9a9a9ae4162,TRUE
5e709e6a-cbde-4e83-b3b9-aa3a5f637f38,FALSE
f0e8b860-0a44-4c87-9283-567b4f3b6488,FALSE
3c5c0e9c-2ef5-405d-af63-98676a5a6d4e,FALSE
fb5c3737-4784-46f5-b035-6058a1703bae,FALSE
2a8240d4-e1ab-418b-9c8a-f3a5a1dfba58,FALSE
23335168-8e1e-4730-a9c6-5aa8cffca4fe,FALSE
d1c8020b-a5ec-4f2b-8f3a-9b9d6b8fe658,FALSE
fb9bc07e-8937-4e0b-baf8-a7cab82e939c,FALSE
3036fb7e-8c7e-4aac-955a-36ae703e3e59,FALSE
e2f293c2-ce77-4b07-a5a5-2d16cbc20ec3,FALSE
6b068e44-8633-4c58-a705-575b2301efc6,FALSE
ca16dcec-2e2d-40a4-9d60-c171d71a3324,FALSE
04633966-e1f1-4b79-b87e-090889e7ecc0,FALSE
ab893a7c-62ec-4205-903b-0705ec604876,FALSE
d583e914-93df-4f39-8492-faefffc81990,FALSE
e4af5155-7bfe-4023-8edd-b3b2ffabd90c,FALSE
3b9e9aa9-4c31-46ed-93f8-febe4d868b64,FALSE
c8c1122a-dda8-4cb6-9884-f2f690f68bf6,FALSE
2ed102ef-cbc9-4dcc-b66f-7f7421922cdf,FALSE
b1d06e04-69fa-4167-a09b-7df9319637c4,FALSE
9e31c6df-dc91-4348-8c59-b1bd5f412517,FALSE
4cb73995-5421-4442-a5e1-8cdd29d370f5,FALSE
de1a2e64-ef09-48be-804a-59192ad45d81,FALSE
eedd66d2-4265-46b6-8764-c14a402ef239,FALSE
9f99b0a7-6cee-402e-afea-e838581ed517,FALSE
b16f961b-30f1-42d4-9c2c-ae7b34e76435,FALSE
7f00f1cb-f89b-41be-9913-ebde9f476b95,FALSE
163d5a19-d3b5-4a28-babf-6c9e112ae873,FALSE
2fec4a72-141d-41bc-b619-dc3adaa20d0c,FALSE
33e28103-76d9-445f-a600-638a3b8a64f6,FALSE
71516297-8336-4336-a0f9-702a741cbe2f,FALSE
a5fd5c10-dd93-40ca-a1c1-386bc5512769,FALSE
4cc86f03-04bf-4c48-bb43-468e51a02135,FALSE
47270afd-fd88-4ad7-aed4-1cf0654219d4,FALSE
a130fd75-393a-481d-a6b5-ddab532d1f48,FALSE
19ce5ec6-2bf7-420a-b9ae-7e965f87572a,FALSE
98a9a4b4-4b37-46c4-add5-9e285b2d47e7,FALSE
76b6e89e-4344-42e0-b46b-13c56dd5ebe4,FALSE
f7ab71f6-75bb-4d6e-af80-7613a202dc16,FALSE
1a1a6f1a-658a-419d-ad5d-c65da6415d6f,FALSE
264059f9-fff2-4e35-90b0-06073bf10357,FALSE
4c2c9520-db90-4bb8-9a4f-32659f26176a,FALSE
525267cb-38e6-437f-8caf-9035b2907ebb,FALSE
c68659bc-4ba5-4e79-9355-dc85c1e9ad99,FALSE
1246bef8-7e4c-4cc2-8672-4c54fa11032d,FALSE
417fdeb7-aeb8-4104-a696-ae8a760cd73e,FALSE
0b4f03b0-87d3-4165-a5e8-308a2ee429e4,FALSE
5cc1a3f7-23ca-4c48-9d72-62a908cdba7b,FALSE
7b1da755-4bb0-40a0-aa1e-7cfd5dcbb264,FALSE
35099d99-0154-43ef-bc77-6c27fd4258aa,FALSE
7b3254cf-aae1-4735-9761-baf62acaca19,FALSE
716e68f8-6f63-494b-9ecc-a7b5fe3b446a,FALSE
d8589af9-e0cd-4641-9aed-1a35f8c5d024,FALSE
db5cec48-397c-48f8-865b-492730cdb623,FALSE
a1fb34a0-6b5d-4fd9-ad39-52a114bbcd47,FALSE
206b4206-d196-48ac-8cea-39a5059adcd8,FALSE
e063ad52-9dfc-4aba-9431-c6e18db30433,FALSE
e8a872e4-e111-417a-8be8-8c700e3a49e0,FALSE
b735e317-c581-4fac-bdd5-6759d154f6a1,FALSE
354164bb-07f9-4c93-80e6-e6c13fe6d922,FALSE
15924588-7110-4385-bbee-bbfd1f2b3772,FALSE
a6246684-d112-4f08-948f-533f7ab1c885,FALSE
244209d2-a51f-4ab2-b2c9-7cf2db13fed8,FALSE
460e9dbb-d1e2-48d4-8758-8eed221c07fe,FALSE
e03e70ce-fe88-4b1a-932d-8f4f889256ec,FALSE
6d0f532b-d783-4751-88ed-a54642705cbf,FALSE
0192344e-a505-4c0c-9344-60300a3a0458,FALSE
0cfe43d6-c0ff-44ac-b2c0-4088e2fe575f,FALSE
40f64bfe-2382-4eb2-b64c-594f2d4f368a,FALSE
c4012e6f-bbf2-4a62-aaca-eb6ccc1c2b50,FALSE
6070c238-44d9-4b56-bca0-75dbdae01d5e,FALSE
8fb6f7e3-64b7-4c5b-adc6-286fef06ab9d,FALSE
7f301dd9-840f-4de7-a412-8111851ca836,FALSE
abb14391-8f5c-42b7-9ce1-eb40d3e535ef,FALSE
0769a4b1-701e-4901-9f7f-0f1fc3c79eff,FALSE
e3516bf5-f134-411b-afe1-4ae833b23a79,FALSE
3e154fa5-ee85-4972-8316-9b1603d996be,FALSE
c4d46411-1a79-4d12-91ef-70dfd9a8e3c7,FALSE
372ea657-d291-467d-a311-888b0a64ea41,FALSE
b3e0ea1d-8932-4e0e-b0e2-ae7f014243b5,FALSE
7016ab0d-1f46-48de-9825-24a249f74332,FALSE
b0691555-a7fa-4f40-a1df-bbd17037dce1,FALSE
8246f0e7-e28c-4a65-bceb-163063b265c8,FALSE
a6fbe265-69d9-4c7a-b8c7-aecccbfbd98c,FALSE
bda35ad7-97cc-4cb7-a93d-3b15437c76a2,FALSE
0ee64544-ed3d-4725-806e-59a9dc999f7a,FALSE
cbc1bd54-0eda-463c-bfbb-0344221ffe0d,FALSE
5ee99652-f907-48d9-935d-1a46e36b404f,FALSE
8139d2bc-92f1-47d7-a21d-7080b79594bf,FALSE
cb6d34e1-4fce-4387-b312-46cd9831ca7d,FALSE
e0758eae-9d97-4f33-b484-bc0e709313b2,FALSE
f99a24de-09ec-4e4a-8496-407f5709c51a,FALSE
60087155-5c3a-4692-8671-b2a3e5a3c0c0,FALSE
c4832634-8223-46ba-af70-13a2870ac5a3,FALSE
27335ad3-55bd-44cc-8e5f-f801380fc6aa,FALSE
242f5834-dcfd-43bd-a782-228caa5b5b59,FALSE
3ba4a02a-c18e-452b-8079-4104b5b14832,FALSE
9f82285b-7373-4057-9c72-578ea76087f9,FALSE
9163d765-7121-4611-b48d-e7e99337d4f2,FALSE
0b9b960f-d93c-4b79-a65e-b41e30bb6877,FALSE
e2a2f589-c51d-48d1-a7ef-adc8e0124ec2,FALSE
3ab2d1df-1c6a-49cf-b24d-355a0a4b72c8,FALSE
0c1f9063-b85d-4c23-9a80-194c582bd9a7,FALSE
5fa0ee4a-2c7b-4363-846e-0837bea5f65a,FALSE
6df915ae-99d6-4e46-9cbb-d6f5216b7538,FALSE
a3005ca0-5a48-40d5-a18f-e4cfea0e3f15,FALSE
a10aea84-61fb-46fa-a741-8f381268ec62,FALSE
edaf6cf8-5f97-4566-845b-8e2b5a1c7770,FALSE
0ef45e90-e026-4817-b608-f3dd9f73e822,FALSE
5d0b920c-3020-49b6-bb84-465ecbb8238f,FALSE
33c25d49-d1bf-4024-ac3c-c6ff8a452bea,FALSE
ccb4ad25-727f-4161-8e5a-ca96e3106b11,FALSE
dae68e29-b5c1-40cf-a811-8d1f96604b2d,FALSE
ba33524c-3e3e-432d-b379-b9f9256fc7f9,FALSE
d0ae39ef-1e9b-45e0-9543-4ced57f772b6,FALSE
28b5def5-91cf-43bf-8dc3-a51fcde64c01,FALSE
